mu,sigma,pi
-0.32242262335109984,0.031520656468888276,1
-1.7027204351854925,0.2724073560066801,0.9999999926956533
-0.028826229417441996,0.13410995542452522,0.18452367247112195
1.8712683825334036,0.15010779587142944,1
0.0038028185446018687,0.13224804750625177,0.17906978121927175
-1.2483170717777596,0.1861423613445919,0.9999999994414328
0.02630563112010186,0.07710134639200071,0.1187383980320054
-1.4699700578923194,0.13662216642216474,1
